{
    "PlayerData": {
        "MaxHP": 100.0,
        "ShakeRangeMax": {
            "x": 0.10000000149011612,
            "y": 0.10000000149011612
        },
        "ShakeRangeMin": {
            "x": -0.10000000149011612,
            "y": -0.10000000149011612
        },
        "ShakeTime": 0.10000000149011612,
        "characterSpeed": 0.25
    }
}