{
    "Bullistic_right": {
        "Color": {
            "w": 0.4941176474094391,
            "x": 1.0,
            "y": 0.43529412150382996,
            "z": 0.43529412150382996
        },
        "ModelNum": 10,
        "Offset": {
            "x": 1.1100000143051147,
            "y": 0.47999998927116394,
            "z": 0.6000000238418579
        },
        "Range": 2.1700000762939453,
        "Size": {
            "x": 0.15000000596046448,
            "y": 0.0,
            "z": 0.800000011920929
        }
    }
}