{
    "Bullistic_left": {
        "Color": {
            "w": 0.501960813999176,
            "x": 0.11764705926179886,
            "y": 0.0,
            "z": 1.0
        },
        "ModelNum": 10,
        "Offset": {
            "x": -1.059999942779541,
            "y": 0.0,
            "z": 0.6000000238418579
        },
        "Range": 2.1700000762939453,
        "Size": {
            "x": 0.15000000596046448,
            "y": 0.0,
            "z": 0.800000011920929
        }
    }
}