{
    "countDown": {
        "countTime": [
            30.0,
            10.0,
            5.0,
            4.0,
            3.0,
            2.0,
            1.0
        ],
        "easingType": 16,
        "endSize": {
            "x": 576.0,
            "y": 576.0
        },
        "gameTime": 100.0,
        "offset": {
            "x": 256.0,
            "y": 0.0
        },
        "position": {
            "x": 512.0,
            "y": 360.0
        },
        "size": {
            "x": 574.573486328125,
            "y": 574.573486328125
        },
        "startSize": {
            "x": 128.0,
            "y": 128.0
        }
    }
}