{
    "PlayerData": {
        "BulletAcceleration": 0.014999999664723873,
        "BulletFireInterval": 1.0,
        "BulletOffset": {
            "x": 1.2999999523162842,
            "y": 0.0,
            "z": 4.0
        },
        "BulletVelocity": 0.029999999329447746,
        "CharacterSpeed": 0.20000000298023224,
        "KnockbackDamping": 0.8999999761581421,
        "KnockbackInvincibleDuration": 0.5,
        "KnockbackStrength": 1.0,
        "L_Stick DeadZone": 7000.0,
        "MaxHP": 100.0,
        "RotationSpeed": 0.11999999731779099,
        "ShakeRangeMax": {
            "x": 0.10000000149011612,
            "y": 0.10000000149011612
        },
        "ShakeRangeMin": {
            "x": -0.10000000149011612,
            "y": -0.10000000149011612
        },
        "ShakeTime": 0.10000000149011612,
        "characterSpeed": 0.25
    }
}