{
    "TitleScene": {
        "MoveMax": {
            "x": 14.140000343322754,
            "y": 0.0,
            "z": 4.309999942779541
        },
        "MoveMin": {
            "x": -14.140000343322754,
            "y": 0.0,
            "z": -9.4399995803833
        },
        "enemyRange": 4.0,
        "enemySpeed": 0.05000000074505806,
        "spawnInterval": 1.2999999523162842
    }
}